insert into Liga values('LCS','NA','United States',2019-06-01,2019-08-04,10);
insert into Liga values('LEC','EU','Germany',2019-06-07,2019-08-17, 10);
insert into Liga values('LPL','CN','China',2019-06-01,2019-08-18, 16);
insert into Liga values('LCK','KR','South Korea',2019-06-05,2019-08-18, 10);

insert into CSAPAT values('SK Telecom T1','LCK','SKT','South Korea',2014-02-15,'Kim "kkOma" Jeong-gyun',1);
insert into CSAPAT values('Cloud9','LCS','C9','United States',2012-12-04,'Bok "Reapered" Han-gyu',1);
insert into CSAPAT values('G2 Esports','LEC','G2','Germany',2015-10-15,'Fabian "GrabbZ" Lohmann',1);
insert into CSAPAT values('Excel Esports','LEC','XL','United Kingdom',2015-12-17,'David "DLim" Lim',0);
insert into CSAPAT values('Invictus Gaming','LPL','IG','China',2011-08-02,'Wang "WXZ" Si-Cong',1);

insert into JATEKOS VALUES('Faker', 'Sang-hyeok','Lee',23,'MID','South Korea','SK Telecom T1');
insert into JATEKOS VALUES('Perkz', 'Perković','Luka',21,'BOT','Croatia','G2 Esports');
insert into JATEKOS VALUES('Sneaky', 'Scuderi','Zachary',25,'BOT','United States','Cloud9');
insert into JATEKOS VALUES('Caps', 'Winther','Rasmus',19,'MID','Denmark', 'G2 Esports');
insert into JATEKOS VALUES('Jankos', 'Jankowski','Marcin',24,'JNG','Poland','G2 Esports');
insert into JATEKOS VALUES('Teddy', 'Jin-seong','Park',21,'ADC','South Korea','SK Telecom T1');
insert into JATEKOS VALUES('Clid', 'Tae-Min','Kim',20,'JNG','South Korea','SK Telecom T1');
insert into JATEKOS VALUES('Svenskeren', 'Johnsen','Dennis',23,'JNG','Denmark','Cloud9');
insert into JATEKOS VALUES('Zeyzal', 'Stidam','Tristan',20,'SUP','United States','Cloud9');
insert into JATEKOS VALUES('Rookie', 'Eui-jin','Song',22,'MID','South Korea','Invictus Gaming');
insert into JATEKOS VALUES('Ning', 'Zhen-Ning','Gao',21,'JNG','China','Invictus Gaming');
insert into JATEKOS VALUES('JackeyLove', 'Wen-Bo','Yu',18,'ADC','China','Invictus Gaming');
insert into JATEKOS VALUES('kaSing', 'Tsang','Raymond',25,'SUP','United Kingdom','Excel Esports');
